<?xml version="1.0" encoding="UTF-8" standalone="yes"?>
<addon id="repository.fhw" name="Example repository" version="1.0.0" provider-name="fhw">
    <extension point="xbmc.addon.repository" name="Example Repository">
        <dir>
            <info compressed="false">https://raw.githubusercontent.com/howie-f/repository.fhw/master/zips/addons.xml</info>
            <checksum>https://raw.githubusercontent.com/howie-f/repository.fhw/master/zips/addons.xml.md5</checksum>
            <datadir zip="true">https://raw.githubusercontent.com/howie-f/repository.fhw/master/zips/</datadir>
        </dir>
    </extension>
    <extension point="xbmc.addon.metadata">
        <summary>Example repository</summary>
        <description>Example description</description>
        <disclaimer></disclaimer>
        <platform>all</platform>
        <assets>
            <icon>icon.png</icon>
            <fanart>fanart.jpg</fanart>
        </assets>
    </extension>
</addon>
